ID,First Name,Last Name,Team,Position,Assists,bonus,Total points,xA,CS,Gc,Goals Scored,minutes,red_cards,starts,xG,xGi,xGc,code,PpG
1,Fábio,Ferreira Vieira,1,3,0,0,0,0.00,0,0,0,0,0,0,0.00,0.00,0.00,438098,0.0
2,Gabriel,Fernando de Jesus,1,4,0,0,6,0.07,0,2,0,121,0,1,0.67,0.74,1.37,205651,0.7
3,Gabriel,dos Santos Magalhães,1,2,0,4,45,0.48,3,11,2,953,0,11,1.49,1.97,11.47,226597,4.1
4,Kai,Havertz,1,4,1,7,46,1.12,3,12,4,990,0,11,4.50,5.62,11.93,219847,4.2
5,Karl,Hein,1,1,0,0,0,0.00,0,0,0,0,0,0,0.00,0.00,0.00,463748,0.0
6,Jurriën,Timber,1,2,1,0,24,0.31,2,7,0,683,0,8,0.36,0.67,7.86,445122,2.7
7,Jorge Luiz,Frello Filho,1,3,0,0,4,0.15,1,1,0,154,0,2,0.04,0.19,1.10,85955,1.3
8,Jakub,Kiwior,1,2,0,0,3,0.00,0,4,0,96,0,0,0.00,0.00,3.17,440854,0.8
9,Gabriel,Martinelli Silva,1,3,2,4,47,1.85,3,9,3,678,0,8,2.01,3.86,8.52,444145,4.3
10,Reiss,Nelson,9,3,1,1,20,0.59,1,5,1,282,0,2,0.93,1.52,3.32,200641,2.2
11,Eddie,Nketiah,7,4,0,0,12,0.39,1,8,0,488,0,6,1.02,1.41,7.90,205533,1.7
12,Ethan,Nwaneri,1,3,0,0,5,0.17,0,0,0,52,0,0,0.05,0.22,0.17,499175,1.0
13,Martin,Ødegaard,1,3,1,2,14,0.97,2,2,0,343,0,4,0.57,1.54,4.21,184029,3.5
14,Aaron,Ramsdale,17,1,0,2,26,0.01,1,19,0,810,0,9,0.00,0.01,20.33,225321,2.9
15,David,Raya Martin,1,1,0,6,42,0.01,3,12,0,990,0,11,0.00,0.01,11.93,154561,3.8
16,Declan,Rice,1,3,1,0,19,1.23,2,12,0,832,1,10,0.74,1.97,9.23,204480,1.9
17,Bukayo,Saka,1,3,7,10,67,3.42,3,9,3,820,0,10,2.46,5.88,8.24,223340,6.7
18,William,Saliba,1,2,0,0,23,0.57,3,10,0,839,1,10,0.00,0.57,9.29,462424,2.3
19,Emile,Smith Rowe,9,3,2,8,54,1.15,5,8,3,795,0,10,2.12,3.27,8.51,209289,4.9
20,Thomas,Partey,1,3,0,3,31,0.50,3,12,1,972,0,11,0.51,1.01,11.84,167199,2.8
21,Kieran,Tierney,1,2,0,0,0,0.00,0,0,0,0,0,0,0.00,0.00,0.00,192895,0.0
22,Tomiyasu,Takehiro,1,2,0,0,1,0.00,0,0,0,6,0,0,0.18,0.18,0.04,223723,1.0
23,Leandro,Trossard,1,3,1,3,31,0.40,2,8,2,586,1,7,1.56,1.96,5.29,116216,2.8
24,Benjamin,White,1,2,1,0,27,0.32,3,7,0,694,0,7,0.13,0.45,9.87,198869,3.0
25,Oleksandr,Zinchenko,1,2,0,0,8,0.05,1,0,0,107,0,1,0.00,0.05,0.68,206325,2.7
26,Álex,Moreno Lopera,16,2,1,1,27,0.80,3,8,0,613,0,8,0.14,0.94,7.04,106468,3.4
27,Cameron,Archer,17,4,0,4,27,0.11,1,11,2,593,0,6,3.52,3.63,14.41,433979,2.5
28,Leon,Bailey,2,3,2,0,21,1.31,1,8,0,500,0,7,0.44,1.75,6.03,215711,2.1
29,Ross,Barkley,2,3,1,0,15,0.20,1,3,1,271,0,1,0.75,0.95,1.84,88894,1.9
30,Enzo,Barrenechea,2,3,0,0,0,0.00,0,0,0,0,0,0,0.00,0.00,0.00,491287,0.0
31,Emiliano,Buendía Stati,2,3,0,0,4,0.01,0,0,0,20,0,0,0.09,0.10,0.37,195546,1.0
32,Matty,Cash,2,2,0,0,13,0.16,1,4,0,425,0,6,0.03,0.19,5.07,199796,2.2
33,Leander,Dendoncker,2,3,0,0,0,0.00,0,0,0,0,0,0,0.00,0.00,0.00,151589,0.0
34,Moussa,Diaby,2,3,0,0,0,0.00,0,0,0,0,0,0,0.00,0.00,0.00,243557,0.0
35,Diego Carlos,Santos Silva,2,2,0,0,12,0.04,1,9,0,468,0,4,0.45,0.49,7.38,165659,2.0
36,Lucas,Digne,2,2,3,6,37,1.80,2,14,0,841,0,11,0.52,2.32,10.80,101188,3.4
37,Lewis,Dobbin,2,3,0,0,0,0.00,0,0,0,0,0,0,0.00,0.00,0.00,461421,0.0
38,Jhon,Durán,2,4,0,5,31,0.18,0,9,4,278,0,0,2.38,2.56,5.77,476344,2.8
39,Joe,Gauci,2,1,0,0,0,0.00,0,0,0,0,0,0,0.00,0.00,0.00,462492,0.0
40,Kortney,Hause,2,2,0,0,0,0.00,0,0,0,0,0,0,0.00,0.00,0.00,123354,0.0
41,Samuel,Iling-Junior,2,3,0,0,0,0.00,0,0,0,0,0,0,0.00,0.00,0.00,469247,0.0
42,Boubacar,Kamara,2,3,0,0,2,0.01,0,3,0,33,0,0,0.00,0.01,0.92,226944,0.7
43,Kaine,Kesler-Hayden,2,2,0,0,0,0.00,0,0,0,0,0,0,0.00,0.00,0.00,465390,0.0
44,Ezri,Konsa Ngoyo,2,2,0,1,20,0.33,0,16,1,821,0,10,0.35,0.68,11.29,199798,2.0
45,Ian,Maatsen,2,2,0,0,9,0.70,0,3,0,153,0,0,0.01,0.71,2.68,441302,1.0
46,Filip,Marschall,2,1,0,0,0,0.00,0,0,0,0,0,0,0.00,0.00,0.00,462381,0.0
47,Emiliano,Martínez Romero,2,1,0,2,32,0.00,1,17,0,990,0,11,0.00,0.00,13.44,98980,2.9
48,John,McGinn,2,3,0,0,15,0.76,2,9,0,551,0,7,0.63,1.39,7.30,122806,1.7
49,Tyrone,Mings,2,2,0,0,0,0.00,0,0,0,0,0,0,0.00,0.00,0.00,149484,0.0
50,Kosta,Nedeljković,2,2,0,0,3,0.02,0,2,0,93,0,0,0.00,0.02,1.84,578545,1.0
51,Robin,Olsen,2,1,0,0,0,0.00,0,0,0,0,0,0,0.00,0.00,0.00,111782,0.0
52,Pau,Torres,2,2,0,0,19,0.23,1,17,0,990,0,11,0.17,0.40,13.44,244954,1.7
53,Jacob,Ramsey,2,3,2,0,22,1.17,0,14,0,632,0,7,0.69,1.86,9.42,232653,2.2
54,Morgan,Rogers,2,3,2,5,45,1.47,1,12,3,899,0,11,2.51,3.98,10.99,244850,4.1
55,Viljami,Sinisalo,2,1,0,0,0,0.00,0,0,0,0,0,0,0.00,0.00,0.00,248164,0.0
56,Lino,da Cruz Sousa,2,2,0,0,0,0.00,0,0,0,0,0,0,0.00,0.00,0.00,514315,0.0
57,Youri,Tielemans,2,3,3,5,34,2.41,1,16,0,973,0,11,0.54,2.95,13.23,166989,3.1
58,Ollie,Watkins,2,4,2,7,55,0.57,4,12,5,840,0,11,5.14,5.71,10.13,178301,5.0
59,Max,Aarons,3,2,0,0,0,0.00,0,0,0,0,0,0,0.00,0.00,0.00,232980,0.0
60,Tyler,Adams,3,3,0,0,3,0.03,0,4,0,99,0,1,0.03,0.06,1.92,200785,1.0
61,Jaidon,Anthony,3,3,0,0,0,0.00,0,0,0,0,0,0,0.00,0.00,0.00,444180,0.0
62,David,Brooks,3,3,0,0,4,0.27,0,1,0,44,0,0,0.10,0.37,1.39,111317,1.0
63,Ryan,Christie,3,3,0,0,23,0.82,3,11,1,700,0,9,0.47,1.29,9.56,158499,2.1
64,Lewis,Cook,3,3,3,2,36,1.69,1,15,1,983,0,11,0.46,2.15,14.38,155408,3.3
65,Enes,Ünal,3,4,0,0,8,0.08,1,2,0,148,0,1,0.72,0.80,3.43,168636,1.0
66,Romain,Faivre,3,3,0,0,0,0.00,0,0,0,0,0,0,0.00,0.00,0.00,441240,0.0
67,Hamed,Traorè,3,3,0,0,0,0.00,0,0,0,0,0,0,0.00,0.00,0.00,424044,0.0
68,James,Hill,3,2,0,0,0,0.00,0,0,0,0,0,0,0.00,0.00,0.00,463981,0.0
69,Daniel,Jebbison,3,4,0,0,2,0.00,0,0,0,26,0,0,0.00,0.00,0.34,523700,1.0
70,Milos,Kerkez,3,2,2,3,30,0.85,1,15,0,927,0,11,0.18,1.03,14.35,544877,2.7
71,Justin,Kluivert,3,3,2,2,35,0.89,4,9,2,622,0,8,2.05,2.94,8.66,222683,3.2
72,Chris,Mepham,3,2,0,0,0,0.00,0,0,0,0,0,0,0.00,0.00,0.00,223911,0.0
73,Norberto,Murara Neto,1,1,0,0,7,0.00,0,2,0,180,0,2,0.00,0.00,2.91,69752,3.5
74,Dango,Ouattara,3,3,1,1,22,0.89,1,4,1,412,0,4,1.66,2.55,5.90,533463,2.8
75,Alex,Paulsen,3,1,0,0,0,0.00,0,0,0,0,0,0,0.00,0.00,0.00,495145,0.0
76,Philip,Billing,3,3,0,0,2,0.09,0,1,0,21,0,0,0.00,0.09,0.58,168991,1.0
77,Alex,Scott,3,3,0,0,11,0.17,1,3,0,258,0,2,0.12,0.29,3.67,503139,1.4
78,Antoine,Semenyo,3,3,1,4,46,1.77,1,15,4,967,0,11,3.61,5.38,14.23,437730,4.2
79,Marcos,Senesi,3,2,0,3,19,0.42,1,11,0,772,0,9,0.81,1.23,10.67,221466,2.1
80,Luis,Sinisterra,3,3,1,2,19,0.91,0,3,1,203,0,1,1.09,2.00,3.48,224995,2.4
81,Adam,Smith,3,2,0,0,18,0.05,1,8,0,604,0,6,0.60,0.65,7.68,54469,1.6
82,Dominic,Solanke-Mitchell,18,4,2,3,43,0.61,1,11,4,797,0,9,5.45,6.06,10.54,154566,4.8
83,Marcus,Tavernier,3,3,2,2,33,1.49,2,11,1,801,0,9,2.52,4.01,10.94,201658,3.0
84,Mark,Travers,3,1,0,1,10,0.01,0,3,0,270,0,3,0.00,0.01,4.15,229600,3.3
85,Illia,Zabarnyi,3,2,0,0,22,0.12,1,15,0,990,0,11,0.30,0.42,14.64,477580,2.0
86,Kristoffer,Ajer,4,2,0,0,7,0.10,0,12,0,637,0,8,0.28,0.38,11.94,191866,0.9
87,Ethan,Brierley,4,3,0,0,0,0.00,0,0,0,0,0,0,0.00,0.00,0.00,494041,0.0
88,Nathan,Collins,4,2,3,1,29,0.63,0,22,1,990,0,11,1.73,2.36,19.73,432830,2.6
89,Mikkel,Damsgaard,4,3,3,4,40,1.86,2,14,1,789,0,9,0.84,2.70,14.90,440089,3.6
90,Josh,Dasilva,4,3,0,0,0,0.00,0,0,0,0,0,0,0.00,0.00,0.00,183656,0.0
91,Mark,Flekken,4,1,0,0,29,0.02,0,22,0,990,0,11,0.00,0.02,19.73,118342,2.6
92,Rico,Henry,4,2,0,0,0,0.00,0,0,0,0,0,0,0.00,0.00,0.00,194010,0.0
93,Aaron,Hickey,4,2,0,0,0,0.00,0,0,0,0,0,0,0.00,0.00,0.00,472713,0.0
94,Vitaly,Janelt,4,3,3,2,38,1.05,1,20,1,904,0,11,0.42,1.47,17.02,204580,3.5
95,Mathias,Jensen,4,3,1,1,13,0.56,0,8,0,346,0,4,0.12,0.68,7.08,207283,2.2
96,Kim,Ji-soo,4,2,0,0,0,0.00,0,0,0,0,0,0,0.00,0.00,0.00,570241,0.0
97,Yunus Emre,Konak,4,3,0,0,4,0.00,0,2,0,18,0,0,0.15,0.15,1.22,628204,1.0
98,Keane,Lewis-Potter,4,3,3,0,29,1.49,1,17,0,763,0,9,0.84,2.33,16.39,249231,2.6
99,Bryan,Mbeumo,4,3,1,12,76,2.67,1,20,8,985,0,11,3.88,6.55,18.82,446008,6.9
100,Ben,Mee,4,2,0,0,1,0.00,0,2,0,4,0,0,0.00,0.00,0.46,51927,0.5
101,Christian,Nørgaard,4,3,1,0,24,0.17,0,16,1,775,0,9,1.15,1.32,14.27,128295,2.7
102,Frank,Onyeka,4,3,0,0,2,0.02,0,0,0,23,0,0,0.00,0.02,0.69,428580,1.0
103,Myles,Peart-Harris,4,3,0,0,0,0.00,0,0,0,0,0,0,0.00,0.00,0.00,450539,0.0
104,Ethan,Pinnock,4,2,0,0,23,0.53,0,22,2,990,0,11,0.84,1.37,19.73,231065,2.1
105,Mads,Roerslev Rasmussen,4,2,1,0,12,0.56,0,11,0,444,0,4,0.01,0.57,9.06,226956,1.3
106,Kevin,Schade,4,3,1,0,18,0.06,1,10,0,482,0,5,1.46,1.52,7.61,513418,1.6
107,Igor Thiago,Nascimento Rodrigues,4,4,0,0,0,0.00,0,0,0,0,0,0,0.00,0.00,0.00,502500,0.0
108,Ivan,Toney,4,4,0,0,0,0.00,0,0,0,0,0,0,0.00,0.00,0.00,144485,0.0
109,Hákon,Valdimarsson,4,1,0,0,0,0.00,0,0,0,0,0,0,0.00,0.00,0.00,507433,0.0
110,Yoane,Wissa,4,4,2,11,54,0.33,1,11,6,565,0,7,4.47,4.80,10.40,216646,6.8
111,Yehor,Yarmoliuk,4,3,0,0,7,0.05,0,4,0,138,0,1,0.22,0.27,4.25,508395,1.0
112,Mathias,Jorgensen,4,2,0,0,0,0.00,0,0,0,0,0,0,0.00,0.00,0.00,48760,0.0
113,Simon,Adingra,5,3,1,0,17,0.70,0,2,1,201,0,2,0.32,1.02,3.34,535818,2.4
114,Benicio,Baker-Boaitey,5,3,0,0,0,0.00,0,0,0,0,0,0,0.00,0.00,0.00,475480,0.0
115,Carlos,Baleba,5,3,1,2,28,0.22,3,8,1,615,0,7,0.90,1.12,11.58,535301,3.1
116,Valentín,Barco,5,2,0,0,0,0.00,0,0,0,0,0,0,0.00,0.00,0.00,543158,0.0
117,Facundo,Buonanotte,11,3,2,3,38,1.32,1,14,3,729,0,8,2.38,3.70,13.69,536916,3.8
118,Amario,Cozier-Duberry,5,3,0,0,0,0.00,0,0,0,0,0,0,0.00,0.00,0.00,519324,0.0
119,Mahmoud,Dahoud,5,3,0,0,0,0.00,0,0,0,0,0,0,0.00,0.00,0.00,168090,0.0
120,Lewis,Dunk,5,2,0,0,22,0.29,3,10,0,705,0,8,0.25,0.54,13.39,83299,2.8
121,Julio,Enciso,5,3,0,0,7,0.16,0,1,0,84,0,0,0.17,0.33,0.73,474120,1.0
122,Pervis,Estupiñán,5,2,0,0,6,0.74,0,11,0,522,0,5,0.22,0.96,12.55,204214,0.8
123,Evan,Ferguson,5,4,0,2,12,0.00,0,2,1,100,0,1,0.19,0.19,1.87,487117,2.0
124,Billy,Gilmour,5,3,0,0,3,0.04,0,1,0,97,0,1,0.08,0.12,1.32,243568,1.5
125,Pascal,Groß,5,3,0,0,0,0.00,0,0,0,0,0,0,0.00,0.00,0.00,60307,0.0
126,Jack,Hinshelwood,5,3,0,3,28,0.68,3,13,1,839,0,10,0.74,1.42,16.85,532529,2.8
127,Ibrahim,Osman,5,3,0,0,0,0.00,0,0,0,0,0,0,0.00,0.00,0.00,612855,0.0
128,Igor Julio,dos Santos de Paulo,5,2,0,0,9,0.05,1,7,0,474,0,4,0.05,0.10,8.83,223434,1.5
129,João Pedro,Junqueira de Jesus,5,4,1,8,30,0.62,1,2,3,305,0,3,1.43,2.05,4.15,475168,6.0
130,Kacper,Kozłowski,5,3,0,0,0,0.00,0,0,0,0,0,0,0.00,0.00,0.00,484658,0.0
131,Tariq,Lamptey,5,2,1,0,3,0.03,0,2,0,10,0,0,0.00,0.03,0.53,232792,3.0
132,Solly,March,5,3,0,0,0,0.00,0,0,0,0,0,0,0.00,0.00,0.00,109345,0.0
133,Adrian,Mazilu,5,3,0,0,0,0.00,0,0,0,0,0,0,0.00,0.00,0.00,550141,0.0
134,James,Milner,5,3,0,0,5,0.15,1,1,0,169,0,3,0.16,0.31,1.98,15157,1.7
135,Yankuba,Minteh,5,3,2,0,21,1.20,1,5,1,405,0,5,0.83,2.03,5.09,592031,3.0
136,Mitoma,Kaoru,5,3,3,1,38,2.00,2,14,1,914,0,10,2.57,4.57,17.19,451340,3.5
137,Jakub,Moder,5,3,0,0,2,0.00,0,0,0,4,0,0,0.00,0.00,0.16,243505,1.0
138,Mark,O’Mahony,5,4,0,0,0,0.00,0,0,0,0,0,0,0.00,0.00,0.00,574402,0.0
139,Odeluga,Offiah,5,2,0,0,0,0.00,0,0,0,0,0,0,0.00,0.00,0.00,445548,0.0
140,Cameron,Peupion,5,3,0,0,0,0.00,0,0,0,0,0,0,0.00,0.00,0.00,491598,0.0
141,Jeremy,Sarmiento Morante,5,3,0,0,1,0.00,0,0,0,8,0,0,0.00,0.00,0.00,441192,1.0
142,Jason,Steele,5,1,0,1,9,0.00,1,1,0,180,0,2,0.00,0.00,1.88,49262,4.5
143,Deniz,Undav,5,4,0,0,0,0.00,0,0,0,0,0,0,0.00,0.00,0.00,450434,0.0
144,Jan Paul,van Hecke,5,2,1,0,23,0.39,2,9,0,729,0,8,0.09,0.48,11.14,469142,2.6
145,Joël,Veltman,5,2,0,5,32,1.06,3,11,0,866,0,10,0.07,1.13,13.19,111478,3.2
146,Bart,Verbruggen,5,1,0,2,28,0.00,2,14,0,810,0,9,0.00,0.00,16.74,489639,3.1
147,Adam,Webster,5,2,0,0,1,0.03,0,4,0,78,0,2,0.00,0.03,3.95,110735,0.3
148,Danny,Welbeck,5,4,2,13,64,0.34,4,13,6,928,0,11,5.11,5.45,17.65,50175,5.8
149,Mats,Wieffer,5,3,1,0,12,0.11,1,7,0,233,0,2,0.17,0.28,6.29,467779,1.7
150,Andrey,Nascimento dos Santos,6,3,0,0,0,0.00,0,0,0,0,0,0,0.00,0.00,0.00,532605,0.0
151,Ângelo Gabriel,Borges Damaceno,6,3,0,0,0,0.00,0,0,0,0,0,0,0.00,0.00,0.00,518620,0.0
152,Kepa,Arrizabalaga,3,1,0,0,19,0.00,1,10,0,540,0,6,0.00,0.00,7.58,109745,3.2
153,Benoît,Badiashile,6,2,0,0,1,0.00,0,0,0,37,0,0,0.00,0.00,0.09,242880,1.0
154,Lucas,Bergström,6,1,0,0,0,0.00,0,0,0,0,0,0,0.00,0.00,0.00,482158,0.0
155,Marcus,Bettinelli,6,1,0,0,0,0.00,0,0,0,0,0,0,0.00,0.00,0.00,122074,0.0
156,Armando,Broja,8,4,0,0,0,0.00,0,0,0,0,0,0,0.00,0.00,0.00,440323,0.0
157,Moisés,Caicedo Corozo,6,3,2,2,35,1.21,2,13,1,975,0,11,0.26,1.47,14.43,486672,3.2
158,Cesare,Casadei,6,3,0,0,0,0.00,0,0,0,0,0,0,0.00,0.00,0.00,505187,0.0
159,Trevoh,Chalobah,7,2,0,2,20,0.06,1,6,1,447,0,5,0.36,0.42,7.01,180736,4.0
160,Ben,Chilwell,6,2,0,0,0,0.00,0,0,0,0,0,0,0.00,0.00,0.00,172850,0.0
161,Carney,Chukwuemeka,6,3,0,0,0,0.00,0,0,0,0,0,0,0.00,0.00,0.00,478912,0.0
162,Levi,Colwill,6,2,0,1,24,0.79,2,13,0,990,0,11,0.19,0.98,14.29,460028,2.2
163,Marc,Cucurella Saseta,6,2,0,0,18,0.67,2,9,0,737,0,8,0.04,0.71,9.54,179268,1.8
164,David Datro,Fofana,6,4,0,0,0,0.00,0,0,0,0,0,0,0.00,0.00,0.00,520295,0.0
165,Deivid Washington,de Souza Eugênio,6,4,0,0,0,0.00,0,0,0,0,0,0,0.00,0.00,0.00,617054,0.0
166,Kiernan,Dewsbury-Hall,6,3,0,0,3,0.03,0,1,0,44,0,0,0.00,0.03,0.34,215413,1.0
167,Axel,Disasi,6,2,0,0,7,0.00,1,0,0,94,0,1,0.00,0.00,1.90,220362,3.5
168,Enzo,Fernández,6,3,1,0,19,0.72,1,8,0,607,0,6,0.48,1.20,6.09,448047,1.9
169,Conor,Gallagher,6,3,0,0,0,0.00,0,0,0,0,0,0,0.00,0.00,0.00,232787,0.0
170,Alfie,Gilchrist,6,2,0,0,0,0.00,0,0,0,0,0,0,0.00,0.00,0.00,514280,0.0
171,Malo,Gusto,6,2,0,0,11,0.38,0,12,0,726,0,9,0.92,1.30,10.31,482609,1.2
172,Reece,James,6,2,0,0,5,0.22,0,4,0,240,0,3,0.00,0.22,5.78,225796,1.2
173,Omari,Kellyman,6,3,0,0,0,0.00,0,0,0,0,0,0,0.00,0.00,0.00,549068,0.0
174,Roméo,Lavia,6,3,1,0,12,0.26,0,6,0,336,0,5,0.00,0.26,6.95,514356,2.0
175,Romelu,Lukaku Bolingoli,6,4,0,0,0,0.00,0,0,0,0,0,0,0.00,0.00,0.00,66749,0.0
176,Malang,Sarr,6,2,0,0,0,0.00,0,0,0,0,0,0,0.00,0.00,0.00,204727,0.0
177,Noni,Madueke,6,3,1,6,49,0.96,2,11,4,754,0,10,2.79,3.75,12.04,248857,4.9
178,Marc,Guiu Paz,6,4,0,0,1,0.00,0,1,0,24,0,0,0.00,0.00,0.11,499309,1.0
179,Mykhailo,Mudryk,6,3,0,0,7,0.66,0,2,0,145,0,1,0.24,0.90,3.28,465920,1.0
180,Nicolas,Jackson,6,4,3,9,60,0.38,2,12,6,865,0,11,5.95,6.33,13.41,517052,5.5
181,Christopher,Nkunku,6,3,0,1,15,0.19,0,1,1,153,0,1,2.02,2.21,2.33,213198,1.5
182,Cole,Palmer,6,3,5,13,84,2.51,2,13,7,955,0,11,4.88,7.39,14.15,244851,7.6
183,Đorđe,Petrović,6,1,0,0,0,0.00,0,0,0,0,0,0,0.00,0.00,0.00,457569,0.0
184,Renato,Palma Veiga,6,3,0,0,5,0.15,1,1,0,164,0,1,0.16,0.31,2.29,551230,1.0
185,Robert,Sánchez,6,1,0,5,44,0.01,2,13,0,990,0,11,0.00,0.01,14.55,215059,4.0
186,Raheem,Sterling,1,3,0,0,4,0.05,0,1,0,121,0,2,0.33,0.38,0.59,103955,1.0
187,Tosin,Adarabioyo,6,2,0,0,7,0.00,1,2,0,171,0,2,0.00,0.00,3.16,109646,1.8
188,Lesley,Ugochukwu,17,3,0,0,5,0.06,0,6,0,170,0,2,0.21,0.27,3.46,503714,1.0
189,Wesley,Fofana,6,2,0,2,16,0.12,1,11,0,866,0,10,0.40,0.52,12.26,444463,1.6
190,Naouirou,Ahamada,7,3,0,0,0,0.00,0,0,0,0,0,0,0.00,0.00,0.00,466117,0.0
191,Joachim,Andersen,9,2,0,3,20,0.12,2,11,0,693,1,8,0.25,0.37,9.66,174874,2.5
192,Jordan,Ayew,11,3,0,1,24,0.22,1,11,2,512,0,5,1.68,1.90,9.48,80146,2.2
193,Cheick,Doucouré,7,3,1,0,8,0.01,0,2,0,129,0,1,0.06,0.07,2.09,438464,1.6
194,Chris,Richards,7,2,0,0,9,0.01,1,5,0,343,0,4,0.12,0.13,6.69,427623,2.2
195,Chadi,Riad Dnanou,7,2,0,0,1,0.02,0,2,0,90,0,1,0.00,0.02,1.39,515621,1.0
196,Nathaniel,Clyne,7,2,0,0,12,0.02,1,4,0,293,0,3,0.01,0.03,5.99,57328,2.4
197,Malcolm,Ebiowei,7,3,0,0,0,0.00,0,0,0,0,0,0,0.00,0.00,0.00,450535,0.0
198,Odsonne,Edouard,11,4,0,0,7,0.07,0,3,0,141,0,1,0.39,0.46,3.72,199670,1.2
199,Eberechi,Eze,7,3,1,3,31,1.38,2,11,1,810,0,9,2.92,4.30,12.81,232413,3.4
200,Marc,Guéhi,7,2,0,2,37,0.24,2,15,2,990,0,11,1.06,1.30,16.17,209036,3.4
201,Dean,Henderson,7,1,0,3,36,0.00,2,15,0,990,0,11,0.01,0.01,16.17,172649,3.3
202,Rob,Holding,7,2,0,0,0,0.00,0,0,0,0,0,0,0.00,0.00,0.00,156074,0.0
203,Will,Hughes,7,3,0,0,9,0.37,1,7,0,453,0,4,0.36,0.73,7.98,108413,1.0
204,Sam,Johnstone,20,1,0,0,10,0.00,0,13,0,450,0,5,0.00,0.00,10.77,101982,2.0
205,Daichi,Kamada,7,3,0,0,14,0.51,1,11,0,616,1,7,0.56,1.07,10.30,209400,1.3
206,Jefferson,Lerma Solís,7,3,0,0,9,0.40,1,5,0,414,0,5,0.11,0.51,6.02,152551,1.3
207,Jean-Philippe,Mateta,7,4,0,6,35,0.38,1,12,3,752,0,9,3.22,3.60,12.17,231747,3.2
208,Matheus,França de Oliveira,7,3,0,0,0,0.00,0,0,0,0,0,0,0.00,0.00,0.00,536694,0.0
209,Remi,Matthews,7,1,0,0,0,0.00,0,0,0,0,0,0,0.00,0.00,0.00,169593,0.0
210,Tyrick,Mitchell,7,2,1,0,26,1.12,2,15,0,940,0,11,0.30,1.42,15.58,244723,2.4
211,Daniel,Muñoz,7,2,2,0,25,0.60,2,15,0,904,0,11,1.29,1.89,15.01,247348,2.3
212,David,Ozoh,7,3,0,0,0,0.00,0,0,0,0,0,0,0.00,0.00,0.00,531989,0.0
213,Jesurun,Rak-Sakyi,7,3,0,0,0,0.00,0,0,0,0,0,0,0.00,0.00,0.00,450542,0.0
214,Jeffrey,Schlupp,7,3,0,0,8,0.08,0,1,0,63,0,0,0.09,0.17,1.15,86417,1.0
215,Joel,Ward,7,2,0,0,0,0.00,0,0,0,0,0,0,0.00,0.00,0.00,55494,0.0
216,Adam,Wharton,7,3,0,0,15,0.60,1,9,0,621,0,8,0.22,0.82,9.39,496221,1.9
217,Abdoulaye,Doucouré,8,3,0,0,19,0.20,3,10,0,649,0,8,0.46,0.66,10.95,121599,2.1
218,Norberto Bercique,Gomes Betuncal,8,4,0,2,13,0.00,0,5,1,95,0,0,1.08,1.08,2.53,486385,1.9
219,Jarrad,Branthwaite,8,2,0,0,10,0.02,1,1,0,186,0,2,0.00,0.02,1.79,480455,2.5
220,Dominic,Calvert-Lewin,8,4,1,3,35,0.51,4,12,2,898,0,11,3.62,4.13,13.71,177815,3.2
221,Séamus,Coleman,8,2,0,0,1,0.01,0,3,0,90,0,1,0.62,0.63,2.22,59949,1.0
222,Idrissa,Gueye,8,3,0,0,19,0.52,2,14,0,733,0,8,0.76,1.28,12.08,80801,1.9
223,James,Garner,8,3,0,0,7,0.05,1,4,0,251,0,2,0.05,0.10,4.49,232928,1.8
224,Jack,Harrison,8,3,1,0,22,0.84,2,12,0,623,0,7,1.18,2.02,12.20,221399,2.0
225,Mason,Holgate,8,2,0,0,1,0.00,0,1,0,5,0,0,0.00,0.00,0.07,194164,1.0
226,Tim,Iroegbunam,8,3,0,0,8,0.08,0,13,0,381,0,4,0.21,0.29,8.36,490094,1.3
227,João,Neves Virgínia,8,1,0,0,0,0.00,0,0,0,0,0,0,0.00,0.00,0.00,222627,0.0
228,Michael,Keane,8,2,0,3,32,0.02,2,16,2,810,0,9,0.43,0.45,14.16,106611,3.6
229,Neal,Maupay,8,4,0,0,0,0.00,0,0,0,0,0,0,0.00,0.00,0.00,115382,0.0
230,Dwight,McNeil,8,3,3,6,51,3.46,2,17,3,887,0,10,0.64,4.09,15.06,433154,5.1
231,Vitalii,Mykolenko,8,2,0,1,22,0.35,2,13,0,745,0,9,0.08,0.43,11.48,224967,2.4
232,Iliman,Ndiaye,8,4,0,6,33,0.44,5,9,2,803,0,9,0.90,1.34,10.70,440993,3.0
233,Amadou,Onana,2,3,0,5,31,0.19,1,13,2,704,0,10,1.58,1.77,10.99,449871,3.1
234,Nathan,Patterson,8,2,0,0,0,0.00,0,0,0,0,0,0,0.00,0.00,0.00,243571,0.0
235,Jordan,Pickford,8,1,0,6,46,0.07,3,17,0,990,0,11,0.00,0.07,15.94,111234,4.2
236,James,Tarkowski,8,2,0,4,30,0.86,3,17,0,990,0,11,0.71,1.57,15.94,17761,2.7
237,Youssef,Ramalho Chermiti,8,4,0,0,0,0.00,0,0,0,0,0,0,0.00,0.00,0.00,491012,0.0
238,Ashley,Young,8,2,3,2,34,1.06,3,10,0,785,1,9,0.13,1.19,11.09,18892,3.8
239,Adama,Traoré,9,3,3,3,38,2.00,3,9,1,716,0,9,2.75,4.75,8.84,159533,3.5
240,Andreas,Hoelgebaum Pereira,9,3,1,1,31,2.29,4,9,1,835,0,11,2.54,4.83,8.94,156689,2.8
241,Calvin,Bassey,9,2,0,0,25,0.10,2,13,0,990,0,11,0.25,0.35,12.74,232892,2.3
242,Steven,Benda,9,1,0,0,0,0.00,0,0,0,0,0,0,0.00,0.00,0.00,428971,0.0
243,Tom,Cairney,9,3,0,0,6,0.55,0,3,0,117,0,0,0.00,0.55,2.37,76357,0.8
244,Timothy,Castagne,9,2,0,0,2,0.01,0,1,0,30,0,0,0.06,0.07,0.64,166477,1.0
245,Issa,Diop,9,2,0,0,8,0.02,0,5,0,390,0,4,0.26,0.28,4.77,219924,1.1
246,Luke,Harris,9,3,0,0,0,0.00,0,0,0,0,0,0,0.00,0.00,0.00,515024,0.0
247,Alex,Iwobi,9,3,2,6,47,2.79,4,10,2,945,0,11,1.14,3.93,11.68,153133,4.3
248,Bernd,Leno,9,1,1,2,39,0.02,2,13,0,990,0,11,0.00,0.02,12.74,80201,3.5
249,Saša,Lukić,9,3,0,0,11,0.20,2,6,0,548,0,7,0.00,0.20,5.49,212314,1.6
250,Kevin,Mbabu,9,2,0,0,0,0.00,0,0,0,0,0,0,0.00,0.00,0.00,120721,0.0
251,Rodrigo,Muniz Carvalho,9,4,1,1,20,0.03,1,5,1,320,0,3,1.41,1.44,4.22,244042,2.0
252,Raúl,Jiménez,9,4,2,7,48,1.30,4,8,4,662,0,8,3.57,4.87,8.51,102057,4.4
253,Tim,Ream,9,2,0,0,0,0.00,0,0,0,0,0,0,0.00,0.00,0.00,82514,0.0
254,Harrison,Reed,9,3,0,0,6,0.09,0,2,0,54,0,0,0.01,0.10,2.96,153366,0.8
255,Antonee,Robinson,9,2,3,4,40,1.10,2,13,0,990,0,11,0.21,1.31,12.74,169528,3.6
256,Jay,Stansfield,9,4,0,0,1,0.00,0,0,0,1,0,0,0.00,0.00,0.67,490146,1.0
257,Kenny,Tete,9,2,0,0,26,0.23,2,12,0,958,0,11,0.94,1.17,12.10,167074,2.4
258,Carlos Vinícius,Alves Morais,9,4,0,0,0,0.00,0,0,0,0,0,0,0.00,0.00,0.00,245824,0.0
259,Harry,Wilson,9,3,0,3,23,0.05,0,2,3,73,0,0,0.75,0.80,2.19,153682,3.3
260,Ali,Al-Hamadi,10,4,0,0,1,0.02,0,1,0,32,0,0,0.00,0.02,0.66,462387,0.3
261,Elkan,Baggott,10,2,0,0,0,0.00,0,0,0,0,0,0,0.00,0.00,0.00,517178,0.0
262,Nathan,Broadhead,10,3,0,0,0,0.00,0,0,0,0,0,0,0.00,0.00,0.00,173818,0.0
263,Cameron,Burgess,10,2,0,0,5,0.06,0,8,0,360,0,4,0.19,0.25,9.22,122411,1.2
264,Wes,Burns,10,3,0,0,10,0.58,0,12,0,406,0,5,0.23,0.81,13.89,149929,1.2
265,Conor,Chaplin,10,3,1,0,15,0.21,1,4,0,275,0,3,0.31,0.52,6.45,196411,1.7
266,Harry,Clarke,10,2,0,0,-4,0.04,0,4,0,95,1,1,0.00,0.04,3.82,232228,-2.0
267,Leif,Davis,10,2,2,5,32,2.12,1,22,1,990,0,11,0.59,2.71,24.92,455084,2.9
268,Liam,Delap,10,4,1,7,51,0.13,1,17,6,775,0,10,2.51,2.64,17.75,463034,4.6
269,George,Edmundson,10,2,0,0,1,0.00,0,0,0,1,0,0,0.00,0.00,0.00,214964,1.0
270,Jacob,Greaves,10,2,0,0,11,0.01,1,14,0,630,0,7,0.42,0.43,15.70,449429,1.6
271,Marcus,Myers-Harness,10,3,0,0,2,0.05,0,2,0,43,0,0,0.00,0.05,1.36,167191,1.0
272,George,Hirst,10,4,1,2,17,0.10,0,4,1,174,0,1,0.77,0.87,6.50,222625,2.1
273,Cameron,Humphreys,10,3,0,0,0,0.00,0,0,0,0,0,0,0.00,0.00,0.00,524180,0.0
274,Omari,Giraud-Hutchinson,10,3,1,1,22,0.98,2,17,0,874,0,10,0.69,1.67,19.32,503301,2.2
275,Ben,Johnson,10,2,1,0,7,0.24,0,12,0,401,0,4,0.04,0.28,12.80,222018,1.2
276,Freddie,Ladapo,10,4,0,0,0,0.00,0,0,0,0,0,0,0.00,0.00,0.00,94926,0.0
277,Massimo,Luongo,10,3,0,0,7,0.00,0,4,0,143,0,2,0.00,0.00,5.08,106606,1.4
278,Sam,Morsy,10,3,1,5,30,0.68,1,18,1,893,0,10,0.22,0.90,20.56,74944,3.0
279,Corrie,Ndaba,10,2,0,0,0,0.00,0,0,0,0,0,0,0.00,0.00,0.00,246265,0.0
280,Cieran,Slicker,10,1,0,0,0,0.00,0,0,0,0,0,0,0.00,0.00,0.00,434044,0.0
281,Jack,Taylor,10,3,0,0,4,0.10,0,2,0,128,0,0,0.31,0.41,2.63,231899,0.7
282,Axel,Tuanzebe,10,2,0,0,12,0.04,1,11,0,602,0,7,0.18,0.22,13.04,180804,1.7
283,Christian,Walton,10,1,0,0,2,0.00,0,2,0,90,0,1,0.00,0.00,2.65,108813,2.0
284,Luke,Woolfenden,10,2,0,0,4,0.01,0,10,0,377,0,4,0.03,0.04,9.44,220583,0.8
285,Boubakary,Soumaré,11,3,0,0,4,0.27,0,3,0,138,0,1,0.05,0.32,1.64,225902,0.8
286,Tom,Cannon,11,4,0,0,0,0.00,0,0,0,0,0,0,0.00,0.00,0.00,461416,0.0
287,Hamza,Choudhury,11,3,0,0,1,0.00,0,1,0,14,0,0,0.00,0.00,1.03,197469,1.0
288,Conor,Coady,11,2,0,0,0,0.00,0,1,0,7,0,0,0.00,0.00,0.99,94147,0.0
289,Patson,Daka,11,4,0,0,0,0.00,0,0,0,0,0,0,0.00,0.00,0.00,245419,0.0
290,Bobby,De Cordova-Reid,11,3,0,0,8,0.06,0,4,0,159,0,2,0.10,0.16,4.05,96994,1.3
291,Wout,Faes,11,2,0,0,23,0.16,1,21,1,990,0,11,0.94,1.10,20.55,218218,2.1
292,Michael,Golding,11,3,0,0,0,0.00,0,0,0,0,0,0,0.00,0.00,0.00,549640,0.0
293,Mads,Hermansen,11,1,0,0,28,0.00,1,21,0,990,0,11,0.00,0.00,20.55,467189,2.5
294,Daniel,Iversen,11,1,0,0,0,0.00,0,0,0,0,0,0,0.00,0.00,0.00,207270,0.0
295,James,Justin,11,2,1,2,32,0.18,1,20,2,892,0,10,0.37,0.55,19.51,220627,3.2
296,Victor,Kristiansen,11,2,0,0,13,0.50,1,18,0,857,0,10,0.00,0.50,18.37,481510,1.3
297,Wanya,Marçal-Madivádua,11,3,0,0,0,0.00,0,0,0,0,0,0,0.00,0.00,0.00,461584,0.0
298,Stephy,Mavididi,11,3,0,3,29,1.60,1,10,2,608,0,7,0.97,2.57,12.32,154048,2.9
299,Kasey,McAteer,11,3,0,0,5,0.01,0,0,0,36,0,0,0.04,0.05,0.24,461587,1.0
300,Wilfred,Ndidi,11,3,4,1,31,1.11,1,18,0,915,0,11,0.95,2.06,18.32,203341,2.8
301,Caleb,Okoli,11,2,0,1,13,0.04,1,13,0,630,0,7,0.14,0.18,14.93,473341,1.9
302,Ricardo,Barbosa Pereira,11,2,0,0,2,0.03,0,4,0,146,0,2,0.00,0.03,2.08,111931,1.0
303,Harry,Souttar,11,2,0,0,0,0.00,0,0,0,0,0,0,0.00,0.00,0.00,194190,0.0
304,Jakub,Stolarczyk,11,1,0,0,0,0.00,0,0,0,0,0,0,0.00,0.00,0.00,436680,0.0
305,Luke,Thomas,11,2,0,0,0,0.00,0,0,0,0,0,0,0.00,0.00,0.00,244619,0.0
306,Jamie,Vardy,11,4,1,7,43,0.61,1,18,4,843,0,10,3.51,4.12,18.90,101668,4.3
307,Jannik,Vestergaard,11,2,0,0,5,0.02,0,7,0,360,0,4,0.01,0.03,4.71,93100,1.2
308,Danny,Ward,11,1,0,0,0,0.00,0,0,0,0,0,0,0.00,0.00,0.00,95463,0.0
309,Harry,Winks,11,3,2,0,22,1.18,0,19,0,855,0,9,0.16,1.34,16.71,157668,2.2
310,Alisson,Ramses Becker,12,1,0,5,35,0.00,4,2,0,528,0,6,0.00,0.00,3.74,116535,5.8
311,Trent,Alexander-Arnold,12,2,1,6,47,2.95,5,6,0,866,0,11,0.38,3.33,7.36,169187,4.3
312,Stefan,Bajčetić Maquieira,12,3,0,0,0,0.00,0,0,0,0,0,0,0.00,0.00,0.00,535928,0.0
313,Conor,Bradley,12,2,0,0,11,0.16,1,1,0,141,0,0,0.24,0.40,2.10,492777,1.8
314,Fábio,Freitas Gouveia Carvalho,4,3,1,1,21,0.44,0,10,1,282,0,2,1.47,1.91,8.94,244858,1.9
315,Bobby,Clark,12,3,0,0,0,0.00,0,0,0,0,0,0,0.00,0.00,0.00,491970,0.0
316,Darwin,Núñez Ribeiro,12,4,1,1,23,0.19,2,5,2,423,0,4,1.53,1.72,5.31,447203,2.9
317,Diogo,Teixeira da Silva,12,3,3,1,35,0.32,4,1,2,492,0,7,2.72,3.04,3.14,194634,5.0
318,Ben,Doak,12,3,0,0,0,0.00,0,0,0,0,0,0,0.00,0.00,0.00,496208,0.0
319,Harvey,Elliott,12,3,0,0,1,0.02,0,0,0,7,0,0,0.00,0.02,0.00,444884,1.0
320,Endo,Wataru,12,3,0,0,5,0.01,0,0,0,19,0,0,0.00,0.01,0.17,158983,1.0
321,Cody,Gakpo,12,4,1,3,22,0.65,1,3,1,414,0,3,0.68,1.33,4.50,243298,2.0
322,Joe,Gomez,12,2,0,0,3,0.00,0,0,0,55,0,0,0.30,0.30,0.45,171287,1.0
323,Ryan,Gravenberch,12,3,0,1,27,1.17,6,6,0,990,0,11,0.21,1.38,9.37,441266,2.5
324,Curtis,Jones,12,3,2,3,28,0.09,2,3,1,407,0,4,1.29,1.38,4.61,206915,3.5
325,Caoimhin,Kelleher,12,1,0,1,21,0.00,2,4,0,450,0,5,0.00,0.00,5.49,200720,4.2
326,Ibrahima,Konaté,12,2,1,1,46,0.12,5,6,1,884,0,10,0.88,1.00,8.64,204716,4.2
327,Luis,Díaz,12,3,2,8,64,1.24,6,3,5,646,0,8,2.93,4.17,5.53,244731,5.8
328,Mohamed,Salah,12,3,6,21,107,2.00,6,6,8,964,0,11,6.46,8.46,9.22,118748,9.7
329,Alexis,Mac Allister,12,3,0,0,20,1.42,5,4,0,776,0,10,0.32,1.74,7.21,243016,1.8
330,James,McConnell,12,3,0,0,0,0.00,0,0,0,0,0,0,0.00,0.00,0.00,491501,0.0
331,Tyler,Morton,12,3,0,0,0,0.00,0,0,0,0,0,0,0.00,0.00,0.00,440148,0.0
332,Nathaniel,Phillips,12,2,0,0,0,0.00,0,0,0,0,0,0,0.00,0.00,0.00,197464,0.0
333,Jarell,Quansah,12,2,0,0,1,0.00,0,0,0,45,0,1,0.00,0.00,0.31,441428,1.0
334,Rhys,Williams,12,2,0,0,0,0.00,0,0,0,0,0,0,0.00,0.00,0.00,219937,0.0
335,Andrew,Robertson,12,2,0,2,39,1.33,5,5,0,755,0,9,0.38,1.71,7.38,122798,3.9
336,Dominik,Szoboszlai,12,3,2,1,27,1.21,4,4,0,744,0,8,1.45,2.66,6.55,424876,2.5
337,Konstantinos,Tsimikas,12,2,0,1,13,0.59,1,1,0,228,0,2,0.08,0.67,2.00,214285,2.2
338,Sepp,van den Berg,4,2,0,0,10,0.35,0,19,0,731,0,8,0.55,0.90,14.81,444765,1.1
339,Virgil,van Dijk,12,2,1,3,56,0.24,6,6,1,990,0,11,0.46,0.70,9.37,97032,5.1
340,Manuel,Akanji,13,2,0,0,23,0.83,2,9,0,781,0,9,0.13,0.96,9.20,211975,2.6
341,Nathan,Aké,13,2,0,0,2,0.01,0,2,0,74,0,1,0.02,0.03,2.04,126184,1.0
342,Bernardo,Veiga de Carvalho e Silva,13,3,3,4,33,1.86,2,12,0,834,0,9,1.39,3.25,10.94,165809,3.0
343,Oscar,Bobb,13,3,0,0,0,0.00,0,0,0,0,0,0,0.00,0.00,0.00,477555,0.0
344,Scott,Carson,13,1,0,0,0,0.00,0,0,0,0,0,0,0.00,0.00,0.00,17601,0.0
345,Kevin,De Bruyne,13,3,1,2,19,2.18,1,5,1,372,0,4,1.24,3.42,3.73,61366,3.8
346,Jérémy,Doku,13,3,1,0,22,1.05,1,6,1,403,0,5,0.44,1.49,4.02,248875,2.8
347,Ederson,Santana de Moraes,13,1,1,2,32,0.01,2,13,0,990,0,11,0.00,0.01,13.32,121160,2.9
348,Phil,Foden,13,3,1,0,16,2.77,1,5,0,460,0,4,0.87,3.64,7.91,209244,2.0
349,Jack,Grealish,13,3,1,3,15,1.04,0,4,0,343,0,4,0.54,1.58,4.80,114283,2.1
350,Joško,Gvardiol,13,2,0,7,50,1.21,2,12,3,942,0,10,0.64,1.85,12.31,477424,4.5
351,Erling,Haaland,13,4,0,14,82,0.41,2,13,12,989,0,11,10.98,11.39,13.32,223094,7.5
352,Julián,Álvarez,13,4,0,0,0,0.00,0,0,0,0,0,0,0.00,0.00,0.00,461358,0.0
353,João,Cavaco Cancelo,13,2,0,0,0,0.00,0,0,0,0,0,0,0.00,0.00,0.00,121145,0.0
354,Mateo,Kovačić,13,3,1,8,45,1.27,2,13,3,878,0,10,0.98,2.24,13.28,91651,4.1
355,Rico,Lewis,13,2,2,1,30,0.50,2,9,0,772,0,9,0.72,1.22,10.69,477064,3.0
356,Matheus Luiz,Nunes,13,3,2,0,18,1.24,1,4,0,290,0,3,0.10,1.34,4.72,465351,2.2
357,James,McAtee,13,3,0,0,1,0.02,0,0,0,1,0,0,0.00,0.02,0.00,432714,1.0
358,Stefan,Ortega Moreno,13,1,0,0,0,0.00,0,0,0,0,0,0,0.00,0.00,0.00,88248,0.0
359,Kalvin,Phillips,10,3,0,0,11,0.22,1,14,0,536,1,7,0.31,0.53,12.49,155405,1.6
360,Rodrigo 'Rodri',Hernandez,13,3,0,0,2,0.09,0,0,0,65,0,1,0.00,0.09,0.04,220566,1.0
361,Rúben,Gato Alves Dias,13,2,0,1,19,0.68,2,8,0,726,0,8,0.62,1.30,8.07,171314,2.1
362,John,Stones,13,2,0,1,20,0.11,0,3,2,238,0,2,0.60,0.71,2.17,97299,3.3
363,Kyle,Walker,13,2,0,0,8,1.01,0,9,0,467,0,5,0.12,1.13,8.41,58621,1.1
364,Amad,Diallo,14,3,2,0,27,0.97,4,4,1,478,0,5,0.73,1.70,8.50,493250,3.0
365,Antony Matheus,dos Santos,14,3,0,0,2,0.05,0,1,0,27,0,0,0.15,0.20,0.74,467169,1.0
366,Bruno,Borges Fernandes,14,3,4,6,50,1.96,5,11,2,929,1,11,3.99,5.95,13.93,141746,4.5
367,Altay,Bayindir,14,1,0,0,0,0.00,0,0,0,0,0,0,0.00,0.00,0.00,451302,0.0
368,Carlos Henrique,Casimiro,14,3,0,3,25,1.35,2,10,1,623,0,7,0.93,2.28,11.51,61256,2.5
369,Diogo,Dalot Teixeira,14,2,1,6,39,1.01,4,12,0,956,0,11,0.57,1.58,17.08,216051,3.5
370,Christian,Eriksen,14,3,0,0,14,1.07,3,3,0,438,0,5,0.09,1.16,7.43,80607,1.8
371,Jonny,Evans,14,2,0,3,13,0.02,1,1,0,233,0,2,0.08,0.10,1.26,37642,2.6
372,Alejandro,Garnacho,14,3,1,3,40,0.49,2,11,3,712,0,7,3.52,4.01,13.18,493105,3.6
373,Hannibal,Mejbri,14,3,0,0,0,0.00,0,0,0,0,0,0,0.00,0.00,0.00,465527,0.0
374,Tom,Heaton,14,1,0,0,0,0.00,0,0,0,0,0,0,0.00,0.00,0.00,21205,0.0
375,Rasmus,Højlund,14,4,1,2,21,0.09,2,5,1,414,0,5,0.93,1.02,7.68,497894,3.0
376,Victor,Lindelöf,14,2,0,0,3,0.04,0,1,0,58,0,0,0.00,0.04,1.38,184667,0.8
377,Harry,Maguire,14,2,0,0,8,0.02,1,1,0,240,0,3,0.04,0.06,2.45,95658,1.6
378,Kobbie,Mainoo,14,3,0,0,13,0.45,4,6,0,571,0,7,0.13,0.58,8.65,516895,1.9
379,Tyrell,Malacia,14,2,0,0,0,0.00,0,0,0,0,0,0,0.00,0.00,0.00,222690,0.0
380,Lisandro,Martínez,14,2,0,1,29,0.30,4,12,0,886,0,10,0.81,1.11,16.70,221820,2.9
381,Scott,McTominay,14,3,0,0,2,0.00,0,1,0,17,0,0,0.07,0.07,0.66,195851,1.0
382,Mason,Mount,14,3,0,0,3,0.04,1,3,0,144,0,2,0.39,0.43,3.05,184341,1.0
383,André,Onana,14,1,0,5,53,0.19,5,12,0,990,0,11,0.00,0.19,17.12,202641,4.8
384,Facundo,Pellistri Rebollo,14,3,0,0,0,0.00,0,0,0,0,0,0,0.00,0.00,0.00,488404,0.0
385,Marcus,Rashford,14,3,1,1,30,1.23,4,7,1,756,0,10,0.88,2.11,11.24,176297,2.7
386,Jadon,Sancho,6,3,4,1,19,0.86,0,4,0,305,0,4,0.08,0.94,3.60,209243,3.8
387,Luke,Shaw,14,2,0,0,0,0.00,0,0,0,0,0,0,0.00,0.00,0.00,106760,0.0
388,Aaron,Wan-Bissaka,19,2,0,0,18,0.62,1,17,0,814,0,9,0.07,0.69,15.57,214590,1.8
389,Joshua,Zirkzee,14,4,1,3,23,0.35,2,6,1,428,0,4,2.61,2.96,7.38,458249,2.1
390,Alex,Murphy,15,2,0,0,0,0.00,0,0,0,0,0,0,0.00,0.00,0.00,545477,0.0
391,Miguel,Almirón Rejala,15,3,0,0,6,0.14,0,2,0,102,0,1,0.36,0.50,2.07,179018,1.2
392,Harvey,Barnes,15,3,1,9,49,1.34,1,7,4,491,0,5,1.73,3.07,8.13,201666,4.5
393,Sven,Botman,15,2,0,0,0,0.00,0,0,0,0,0,0,0.00,0.00,0.00,220237,0.0
394,Bruno,Guimarães Rodriguez Moura,15,3,1,2,28,1.03,3,11,0,980,0,11,0.69,1.72,14.22,208706,2.5
395,Dan,Burn,15,2,0,2,27,0.23,3,11,0,990,0,11,0.57,0.80,14.56,78916,2.5
396,Martin,Dúbravka,15,1,0,0,0,0.00,0,0,0,0,0,0,0.00,0.00,0.00,67089,0.0
397,Ryan,Fraser,17,3,0,0,1,0.09,0,7,0,140,1,2,0.02,0.11,3.99,90105,0.2
398,Anthony,Gordon,15,3,1,5,39,1.93,3,8,2,846,0,10,3.70,5.63,11.36,232826,3.9
399,Lewis,Hall,15,2,1,2,32,1.38,3,7,0,785,0,8,0.00,1.38,10.03,487838,2.9
400,Isaac,Hayden,15,3,0,0,0,0.00,0,0,0,0,0,0,0.00,0.00,0.00,153127,0.0
401,Alexander,Isak,15,4,2,8,47,0.86,2,10,4,765,0,9,4.27,5.13,12.62,219168,5.2
402,Jacob,Murphy,15,3,2,0,19,1.20,1,5,0,494,0,6,0.31,1.51,6.13,114243,2.1
403,Joelinton Cássio,Apolinário de Lira,15,3,0,6,36,0.69,3,10,2,926,0,11,1.64,2.33,13.60,180974,3.3
404,Lloyd,Kelly,15,2,1,0,10,0.10,0,4,0,205,0,3,0.19,0.29,4.64,235530,1.4
405,Emil,Krafth,15,2,0,0,10,0.03,1,2,0,240,0,2,0.04,0.07,5.07,111773,3.3
406,Garang,Kuol,15,3,0,0,0,0.00,0,0,0,0,0,0,0.00,0.00,0.00,564510,0.0
407,Jamaal,Lascelles,15,2,0,0,0,0.00,0,0,0,0,0,0,0.00,0.00,0.00,101148,0.0
408,Jamal,Lewis,15,2,0,0,0,0.00,0,0,0,0,0,0,0.00,0.00,0.00,194799,0.0
409,Tino,Livramento,15,2,0,2,27,0.10,2,8,0,707,0,8,0.00,0.10,10.35,441191,2.5
410,Sean,Longstaff,15,3,1,0,18,0.18,2,4,0,509,0,6,0.45,0.63,7.79,180135,1.8
411,Lewis,Miley,15,3,0,0,0,0.00,0,0,0,0,0,0,0.00,0.00,0.00,547719,0.0
412,Odysseas,Vlachodimos,15,1,0,0,0,0.00,0,0,0,0,0,0,0.00,0.00,0.00,111452,0.0
413,Nick,Pope,15,1,0,2,43,0.00,3,11,0,990,0,11,0.00,0.00,14.56,98747,3.9
414,John,Ruddy,15,1,0,0,0,0.00,0,0,0,0,0,0,0.00,0.00,0.00,19236,0.0
415,Fabian,Schär,15,2,0,0,22,0.54,2,9,1,747,1,9,0.98,1.52,9.50,119471,2.4
416,Matt,Targett,15,2,0,0,0,0.00,0,0,0,0,0,0,0.00,0.00,0.00,169359,0.0
417,Sandro,Tonali,15,3,1,0,14,0.20,1,5,0,408,0,4,0.76,0.96,4.89,432422,1.6
418,Kieran,Trippier,15,2,0,2,13,0.22,1,3,0,278,0,3,0.03,0.25,4.21,77794,2.6
419,Joe,White,15,3,0,0,0,0.00,0,0,0,0,0,0,0.00,0.00,0.00,461484,0.0
420,Joe,Willock,15,3,1,0,14,0.47,1,3,0,322,0,3,0.28,0.75,4.48,200089,1.6
421,Callum,Wilson,15,4,0,0,0,0.00,0,0,0,0,0,0,0.00,0.00,0.00,75115,0.0
422,Ola,Aina,16,2,0,8,48,0.78,4,9,1,951,0,11,0.11,0.89,10.62,159506,4.4
423,Elliot,Anderson,16,3,3,2,28,0.98,3,9,0,627,0,8,0.71,1.69,7.78,215379,2.5
424,Taiwo,Awoniyi,16,4,0,0,8,0.07,0,1,0,107,0,1,0.44,0.51,1.28,210156,1.0
425,Willy,Boly,16,2,0,0,3,0.00,0,1,0,91,0,1,0.07,0.07,1.22,90585,1.5
426,Josh,Bowler,16,3,0,0,0,0.00,0,0,0,0,0,0,0.00,0.00,0.00,245830,0.0
427,Carlos Miguel,dos Santos Pereira,16,1,0,0,0,0.00,0,0,0,0,0,0,0.00,0.00,0.00,475123,0.0
428,Eric,da Silva Moreira,16,3,0,0,1,0.00,0,0,0,1,0,0,0.00,0.00,0.00,569014,1.0
429,Danilo,dos Santos de Oliveira,16,3,0,0,1,0.00,0,0,0,14,0,1,0.00,0.00,0.28,513046,1.0
430,Emmanuel,Dennis,16,4,0,0,0,0.00,0,0,0,0,0,0,0.00,0.00,0.00,230251,0.0
431,Nicolás,Domínguez,16,3,0,0,12,0.25,2,5,0,517,0,6,0.69,0.94,7.02,250199,1.3
432,Anthony,Elanga,16,3,2,0,25,1.27,3,8,0,646,0,8,0.72,1.99,7.14,449434,2.3
433,Morgan,Gibbs-White,16,3,0,2,21,0.98,3,6,1,627,1,8,1.16,2.14,6.16,222531,2.6
434,Callum,Hudson-Odoi,16,3,1,3,38,1.10,4,6,2,784,0,9,1.01,2.11,6.86,209046,3.5
435,Alex,Mighten,16,3,0,0,0,0.00,0,0,0,0,0,0,0.00,0.00,0.00,244930,0.0
436,Murillo,Santiago Costa dos Santos,16,2,0,3,44,0.45,4,10,1,990,0,11,0.52,0.97,11.29,575476,4.0
437,Neco,Williams,16,2,0,0,13,0.20,1,2,0,369,0,3,0.59,0.79,4.06,215136,1.4
438,Omar,Richards,16,2,0,0,0,0.00,0,0,0,0,0,0,0.00,0.00,0.00,204822,0.0
439,Lewis,O'Brien,16,3,0,0,0,0.00,0,0,0,0,0,0,0.00,0.00,0.00,243345,0.0
440,Andrew,Omobamidele,16,2,0,0,0,0.00,0,0,0,0,0,0,0.00,0.00,0.00,466404,0.0
441,Jonathan,Panzo,16,2,0,0,0,0.00,0,0,0,0,0,0,0.00,0.00,0.00,209035,0.0
442,Ibrahim,Sangaré,16,3,0,0,4,0.06,1,2,0,212,0,3,0.02,0.08,1.98,210462,1.3
443,Matz,Sels,16,1,1,6,50,0.04,4,10,0,990,0,11,0.00,0.04,11.29,85633,4.5
444,Harry,Toffolo,16,2,0,0,1,0.01,0,1,0,36,0,0,0.02,0.03,0.67,114241,1.0
445,Matt,Turner,7,1,0,0,0,0.00,0,0,0,0,0,0,0.00,0.00,0.00,224068,0.0
446,Hwang,Ui-jo,16,4,0,0,0,0.00,0,0,0,0,0,0,0.00,0.00,0.00,201440,0.0
447,Chris,Wood,16,4,0,15,68,0.19,5,9,8,888,0,11,4.45,4.64,9.36,60689,6.2
448,Joe,Worrall,16,2,0,0,0,0.00,0,0,0,0,0,0,0.00,0.00,0.00,208912,0.0
449,Ryan,Yates,16,3,1,3,30,0.31,3,7,1,806,0,7,1.31,1.62,9.86,204968,2.7
450,Carlos,Alcaraz Durán,17,3,0,0,1,0.03,0,0,0,9,0,0,0.07,0.10,0.00,502697,1.0
451,Samuel,Amo-Ameyaw,17,3,0,0,1,0.13,0,0,0,9,0,0,0.02,0.15,0.00,499724,1.0
452,Joe,Aribo,17,3,0,2,23,0.56,0,14,1,598,0,6,1.27,1.83,16.10,193204,2.3
453,Adam,Armstrong,17,4,0,1,15,0.31,1,7,1,454,0,5,1.19,1.50,9.52,155511,1.9
454,Gavin,Bazunu,17,1,0,0,0,0.00,0,0,0,0,0,0,0.00,0.00,0.00,456350,0.0
455,Jan,Bednarek,17,2,0,0,17,0.76,1,21,0,980,0,11,0.01,0.77,23.03,171771,1.5
456,Armel,Bella-Kotchap,17,2,0,0,0,0.00,0,0,0,0,0,0,0.00,0.00,0.00,477386,0.0
457,James,Bree,17,2,0,0,1,0.02,0,0,0,13,0,0,0.00,0.02,0.56,184386,1.0
458,Shea,Charles,17,3,0,0,0,0.00,0,0,0,0,0,0,0.00,0.00,0.00,463210,0.0
459,Samuel,Edozie,17,3,0,0,1,0.15,0,0,0,64,0,0,0.00,0.15,0.31,490503,0.5
460,Ronnie,Edwards,17,2,0,0,0,0.00,0,0,0,0,0,0,0.00,0.00,0.00,500926,0.0
461,Taylor,Harwood-Bellis,17,2,0,0,22,0.13,1,17,1,859,0,10,1.16,1.29,19.37,245719,2.0
462,Kamaldeen,Sulemana,17,3,0,0,2,0.00,0,1,0,15,0,0,0.02,0.02,0.80,504783,1.0
463,Adam,Lallana,17,3,2,1,11,0.40,0,4,0,276,0,4,0.15,0.55,5.15,39155,1.6
464,Juan,Larios López,17,2,0,0,0,0.00,0,0,0,0,0,0,0.00,0.00,0.00,515571,0.0
465,Mateusz,Lis,17,1,0,0,0,0.00,0,0,0,0,0,0,0.00,0.00,0.00,200428,0.0
466,Joe,Lumley,17,1,0,0,0,0.00,0,0,0,0,0,0,0.00,0.00,0.00,167888,0.0
467,Ryan,Manning,17,2,1,0,8,0.59,0,6,0,329,0,5,0.05,0.64,8.79,204863,1.6
468,Sékou,Mara,17,4,0,0,0,0.00,0,0,0,0,0,0,0.00,0.00,0.00,476888,0.0
469,Alex,McCarthy,17,1,0,0,6,0.00,0,2,0,180,0,2,0.00,0.00,2.70,58376,3.0
470,Paul,Onuachu,17,4,0,0,4,0.00,0,3,0,59,0,0,0.06,0.06,2.51,147611,0.8
471,Will,Smallbone,17,3,0,0,6,0.54,0,5,0,240,0,3,0.31,0.85,4.93,214466,1.5
472,Jack,Stephens,17,2,0,0,10,0.19,1,11,0,575,1,7,0.23,0.42,12.07,88900,1.4
473,Ross,Stewart,17,4,0,0,3,0.02,0,2,0,130,0,1,0.17,0.19,2.56,230348,0.8
474,Sugawara,Yukinari,17,2,1,0,24,1.20,1,15,1,667,0,8,0.29,1.49,15.30,219279,2.4
475,Charlie,Taylor,17,2,0,0,5,0.09,0,5,0,207,0,2,0.00,0.09,4.08,103914,1.0
476,Kyle,Walker-Peters,17,2,1,3,21,0.52,1,17,0,800,0,9,0.24,0.76,19.96,158534,2.3
477,Nathan,Wood-Gordon,17,2,0,0,0,0.00,0,0,0,0,0,0,0.00,0.00,0.00,244845,0.0
478,Ashley,Phillips,18,2,0,0,0,0.00,0,0,0,0,0,0,0.00,0.00,0.00,548308,0.0
479,Brandon,Austin,18,1,0,0,0,0.00,0,0,0,0,0,0,0.00,0.00,0.00,214572,0.0
480,Rodrigo,Bentancur,18,3,0,1,19,0.25,1,9,1,532,0,7,0.72,0.97,8.24,202993,1.9
481,Lucas,Bergvall,18,3,0,0,5,0.27,0,0,0,46,0,0,0.08,0.35,0.31,570526,1.0
482,Yves,Bissouma,18,3,0,4,25,0.25,1,4,2,396,0,4,0.26,0.51,4.75,227127,3.1
483,Bryan,Gil Salvatierra,18,3,0,0,0,0.00,0,0,0,0,0,0,0.00,0.00,0.00,436234,0.0
484,Ben,Davies,18,2,0,0,1,0.00,0,0,0,29,0,0,0.00,0.00,0.47,115556,1.0
485,Alfie,Devine,18,3,0,0,0,0.00,0,0,0,0,0,0,0.00,0.00,0.00,496179,0.0
486,Radu,Drăgușin,18,2,0,0,5,0.03,0,5,0,279,0,3,0.02,0.05,5.36,493125,1.2
487,Emerson,Leite de Souza Junior,18,2,0,0,0,0.00,0,0,0,0,0,0,0.00,0.00,0.00,241157,0.0
488,Fraser,Forster,18,1,0,0,0,0.00,0,0,0,0,0,0,0.00,0.00,0.00,40383,0.0
489,Archie,Gray,18,3,0,0,5,0.01,0,0,0,42,0,0,0.00,0.01,0.14,547701,1.0
490,Pierre-Emile,Højbjerg,18,3,0,0,0,0.00,0,0,0,0,0,0,0.00,0.00,0.00,132015,0.0
491,Brennan,Johnson,18,3,2,2,49,0.60,2,12,4,866,0,10,5.61,6.21,12.29,242898,4.5
492,Dejan,Kulusevski,18,3,2,5,41,1.98,2,12,2,858,0,10,1.37,3.35,12.13,445044,3.7
493,Giovani,Lo Celso,18,3,0,0,0,0.00,0,0,0,0,0,0,0.00,0.00,0.00,200826,0.0
494,James,Maddison,18,3,4,6,52,3.65,2,10,3,683,0,9,2.36,6.01,8.63,172780,4.7
495,Pedro,Porro,18,2,1,1,35,1.43,2,13,1,987,0,11,0.72,2.15,13.05,441164,3.2
496,Sergio,Reguilón,18,2,0,0,0,0.00,0,0,0,0,0,0,0.00,0.00,0.00,199249,0.0
497,Richarlison,de Andrade,18,4,1,0,7,0.49,0,0,0,87,0,0,0.19,0.68,0.59,212319,1.4
498,Cristian,Romero,18,2,0,2,34,0.74,2,13,1,960,0,11,1.03,1.77,12.64,221632,3.1
499,Pape Matar,Sarr,18,3,2,0,19,0.32,0,5,0,439,0,4,0.70,1.02,5.80,482442,1.7
500,Dane,Scarlett,18,4,0,0,0,0.00,0,0,0,0,0,0,0.00,0.00,0.00,490145,0.0
501,Oliver,Skipp,11,3,0,0,9,0.21,1,8,0,401,0,5,0.05,0.26,11.57,209042,1.5
502,Manor,Solomon,18,3,0,0,0,0.00,0,0,0,0,0,0,0.00,0.00,0.00,235674,0.0
503,Son,Heung-min,18,3,3,7,47,2.19,1,9,3,664,0,8,1.90,4.09,8.91,85971,5.9
504,Djed,Spence,18,2,0,0,2,0.01,0,0,0,63,0,0,0.00,0.01,0.68,232859,0.7
505,Destiny,Udogie,18,2,1,0,23,0.95,1,13,0,915,0,11,0.31,1.26,12.47,487053,2.1
506,Micky,van de Ven,18,2,2,2,27,0.69,2,8,0,710,0,8,0.21,0.90,7.75,491279,3.4
507,Alejo,Véliz,18,4,0,0,0,0.00,0,0,0,0,0,0,0.00,0.00,0.00,536908,0.0
508,Guglielmo,Vicario,18,1,0,0,29,0.00,2,13,0,990,0,11,0.00,0.00,13.11,184254,2.6
509,Timo,Werner,18,3,1,0,14,0.22,1,4,0,264,0,2,1.02,1.24,3.80,165153,1.8
510,Alfie,Whiteman,18,1,0,0,0,0.00,0,0,0,0,0,0,0.00,0.00,0.00,175941,0.0
511,Edson,Álvarez Velázquez,19,3,0,0,6,0.28,0,10,0,407,1,5,0.06,0.34,8.81,213999,0.8
512,Michail,Antonio,19,4,4,3,37,0.85,3,12,1,668,0,9,1.93,2.78,12.27,57531,3.4
513,Alphonse,Areola,19,1,0,0,15,0.00,1,14,0,675,0,8,0.00,0.00,11.76,84182,1.9
514,Jarrod,Bowen,19,3,3,2,50,2.57,2,18,3,967,0,11,2.02,4.59,17.96,178186,4.5
515,Maxwel,Cornet,17,3,0,0,1,0.00,0,4,0,71,0,1,0.16,0.16,1.79,149519,0.5
516,Vladimír,Coufal,19,2,0,0,9,0.11,1,3,0,221,0,2,0.02,0.13,4.25,164555,1.8
517,Aaron,Cresswell,19,2,0,0,3,0.01,0,0,0,26,0,0,0.03,0.04,0.94,55459,0.8
518,Flynn,Downes,17,3,0,0,17,1.11,1,19,0,896,0,10,0.46,1.57,21.24,220585,1.7
519,George,Earthy,19,3,0,0,0,0.00,0,0,0,0,0,0,0.00,0.00,0.00,490885,0.0
520,Emerson,Palmieri dos Santos,19,2,0,0,19,1.27,2,18,0,851,0,11,0.97,2.24,15.56,109533,1.7
521,Łukasz,Fabiański,19,1,0,2,15,0.00,1,5,0,315,0,3,0.00,0.00,6.69,37096,3.8
522,Wes,Foderingham,19,1,0,0,0,0.00,0,0,0,0,0,0,0.00,0.00,0.00,82143,0.0
523,Danny,Ings,19,4,2,4,19,0.01,0,1,1,70,0,0,1.00,1.01,0.90,84939,3.8
524,Max,Kilman,19,2,1,3,27,0.14,2,19,0,990,0,11,0.65,0.79,18.45,214048,2.5
525,Mohammed,Kudus,19,3,0,0,23,0.86,1,15,2,662,1,8,2.83,3.69,12.75,460842,2.9
526,Luis Guilherme,Lira dos Santos,19,3,0,0,2,0.00,0,0,0,11,0,0,0.00,0.00,0.13,577114,1.0
527,Lucas,Tolentino Coelho de Lima,19,3,0,1,29,0.98,2,16,2,811,0,10,2.15,3.13,15.50,224024,2.6
528,Konstantinos,Mavropanos,19,2,0,2,16,0.29,1,12,0,650,0,7,0.24,0.53,13.97,233963,1.8
529,Nayef,Aguerd,19,2,0,0,0,0.00,0,0,0,0,0,0,0.00,0.00,0.00,210494,0.0
530,Tomáš,Souček,19,3,1,4,32,0.66,2,12,2,652,0,7,2.13,2.79,10.42,215439,3.2
531,James,Ward-Prowse,16,3,0,0,7,0.21,1,5,0,304,1,4,0.06,0.27,4.35,101178,1.2
532,Kurt,Zouma,19,2,0,0,0,0.00,0,0,0,0,0,0,0.00,0.00,0.00,103192,0.0
533,Rayan,Aït-Nouri,20,2,2,2,36,0.60,1,26,3,924,0,11,1.21,1.81,18.29,448514,3.3
534,Boubacar,Traoré,20,3,0,0,0,0.00,0,0,0,0,0,0,0.00,0.00,0.00,476502,0.0
535,Jean-Ricner,Bellegarde,20,3,1,0,22,0.45,2,11,1,475,0,6,0.28,0.73,8.58,231057,2.2
536,Daniel,Bentley,20,1,0,0,0,0.00,0,0,0,0,0,0,0.00,0.00,0.00,79602,0.0
537,Francisco Jorge,Tomás Oliveira,20,3,0,0,1,0.05,0,0,0,6,0,0,0.00,0.05,0.00,510363,1.0
538,Tawanda,Chirewa,20,3,0,0,0,0.00,0,0,0,0,0,0,0.00,0.00,0.00,497606,0.0
539,Leon,Chiwome,20,4,0,0,0,0.00,0,0,0,0,0,0,0.00,0.00,0.00,589507,0.0
540,Luke,Cundle,20,3,0,0,0,0.00,0,0,0,0,0,0,0.00,0.00,0.00,245923,0.0
541,Matheus,Santos Carneiro Da Cunha,20,4,2,13,59,2.24,1,24,5,885,0,10,2.36,4.60,17.56,430871,5.4
542,Craig,Dawson,20,2,1,1,18,0.07,1,18,0,749,0,8,0.46,0.53,14.65,60232,1.8
543,Matt,Doherty,20,2,0,0,3,0.08,0,9,0,209,0,2,0.08,0.16,3.61,87835,0.6
544,Tommy,Doyle,20,3,1,0,13,0.11,0,7,0,261,0,2,0.28,0.39,5.94,220394,1.6
545,Fábio,Silva,20,4,0,0,0,0.00,0,0,0,0,0,0,0.00,0.00,0.00,449988,0.0
546,Nathan,Fraser,20,4,0,0,0,0.00,0,0,0,0,0,0,0.00,0.00,0.00,531363,0.0
547,Enso,González,20,3,0,0,0,0.00,0,0,0,0,0,0,0.00,0.00,0.00,593001,0.0
548,Gonçalo Manuel,Ganchinho Guedes,20,3,1,0,10,0.13,0,6,0,122,0,0,0.12,0.25,5.88,181284,1.2
549,Hugo,Bueno López,20,2,0,0,0,0.00,0,0,0,0,0,0,0.00,0.00,0.00,490721,0.0
550,Hwang,Hee-chan,20,3,0,0,7,0.16,0,9,0,252,0,2,0.00,0.16,5.34,184754,1.2
551,Joe,Hodge,20,3,0,0,0,0.00,0,0,0,0,0,0,0.00,0.00,0.00,240299,0.0
552,Ki-Jana,Hoever,20,2,0,0,0,0.00,0,0,0,0,0,0,0.00,0.00,0.00,441271,0.0
553,João Victor,Gomes da Silva,20,3,0,3,26,0.17,1,23,1,928,0,11,0.44,0.61,16.42,448089,2.4
554,José,Malheiro de Sá,20,1,0,0,13,0.01,1,14,0,540,0,6,0.00,0.01,8.90,149065,2.2
555,Saša,Kalajdžić,20,4,0,0,0,0.00,0,0,0,0,0,0,0.00,0.00,0.00,429414,0.0
556,Tom,King,20,1,0,0,0,0.00,0,0,0,0,0,0,0.00,0.00,0.00,138001,0.0
557,Mario,Lemina,20,3,2,4,34,0.44,1,25,1,882,0,10,0.97,1.41,18.22,151086,3.1
558,Yerson,Mosquera,20,2,0,0,3,0.03,0,12,0,441,0,5,0.33,0.36,5.63,501837,0.6
559,Nélson,Cabral Semedo,20,2,2,0,17,0.46,1,18,0,780,0,9,0.49,0.95,16.06,200402,1.9
560,Pedro,Lomba Neto,6,3,2,4,25,1.30,0,6,1,555,0,5,0.43,1.73,8.19,247632,2.3
561,Pedro,Cardoso de Lima,20,2,0,0,0,0.00,0,0,0,0,0,0,0.00,0.00,0.00,641221,0.0
562,Daniel,Castelo Podence,20,3,0,0,2,0.01,0,2,0,46,0,0,0.04,0.05,0.70,200600,1.0
563,Rodrigo,Martins Gomes,20,3,0,0,6,0.01,0,6,0,117,0,1,0.06,0.07,2.95,483081,1.2
564,Santiago,Bueno,20,2,0,0,10,0.01,1,10,0,444,0,5,0.21,0.22,9.64,231480,1.7
565,Pablo,Sarabia,20,3,0,0,10,0.42,0,3,1,179,0,2,1.43,1.85,2.23,88484,2.2
566,Jørgen,Strand Larsen,20,4,1,5,45,0.45,2,23,4,895,0,11,2.52,2.97,16.71,247412,4.1
567,Toti António,Gomes,20,2,1,2,14,0.29,1,20,0,737,0,9,0.01,0.30,15.16,510362,1.6
568,Arijanet,Muric,10,1,0,3,29,0.00,1,20,0,900,0,10,0.00,0.00,22.27,232917,2.9
569,Jaden,Philogene,2,3,0,0,5,0.05,1,3,0,196,1,1,0.40,0.45,3.40,481624,0.7
570,Abdul,Fatawu,11,3,2,3,26,1.42,0,14,0,576,0,6,0.41,1.83,11.00,531442,2.4
571,Sávio 'Savinho',Moreira de Oliveira,13,3,3,6,29,2.75,2,5,0,526,0,7,1.70,4.45,4.79,510281,3.6
572,Leny,Yoro,14,2,0,0,0,0.00,0,0,0,0,0,0,0.00,0.00,0.00,550864,0.0
573,Miodrag,Pivaš,15,2,0,0,0,0.00,0,0,0,0,0,0,0.00,0.00,0.00,578512,0.0
574,Nikola,Milenković,16,2,1,0,36,0.41,4,9,0,900,0,10,1.63,2.04,10.07,227444,3.6
575,Caleb,Wiley,6,2,0,0,0,0.00,0,0,0,0,0,0,0.00,0.00,0.00,488464,0.0
576,Andy,Irving,19,3,0,0,2,0.00,0,0,0,30,0,0,0.04,0.04,1.19,229384,0.7
577,Jesper,Lindstrøm,8,3,0,0,12,0.74,2,4,0,346,0,4,1.05,1.79,3.54,463903,1.7
578,Riccardo,Calafiori,1,2,0,1,14,0.41,0,6,1,384,0,4,0.50,0.91,4.97,466075,2.3
579,Ryan,Sessegnon,9,2,0,0,0,0.00,0,0,0,0,0,0,0.00,0.00,0.00,184349,0.0
580,Dean,Huijsen,3,2,0,0,5,0.02,0,4,0,217,0,2,0.26,0.28,4.60,554605,1.0
581,Filip,Jørgensen,6,1,0,0,0,0.00,0,0,0,0,0,0,0.00,0.00,0.00,508479,0.0
582,Jake,O'Brien,8,2,0,0,0,0.00,0,1,0,26,0,0,0.00,0.00,0.72,512462,0.0
583,Conor,Townsend,10,2,0,0,1,0.00,0,1,0,1,0,0,0.00,0.00,0.23,108053,1.0
584,Ben,Brereton Díaz,17,3,0,0,10,0.14,0,8,0,406,0,4,0.90,1.04,8.38,204814,1.4
585,Ismaïla,Sarr,7,3,1,0,18,1.25,1,6,0,476,0,4,1.15,2.40,6.62,232185,1.6
586,Jorge,Cuenca Barreno,9,2,0,0,1,0.00,0,1,0,1,0,0,0.00,0.00,0.37,246301,1.0
587,Crysencio,Summerville,19,3,0,2,18,0.59,1,6,1,341,0,3,0.92,1.51,6.20,450070,1.8
588,Guido,Rodríguez,19,3,0,0,19,0.11,2,16,0,799,0,11,0.08,0.19,15.31,197024,1.7
589,Niclas,Füllkrug,19,4,0,0,3,0.09,0,2,0,63,0,0,0.25,0.34,1.59,91889,1.0
590,William,Osula,15,4,0,0,4,0.00,0,1,0,10,0,0,0.00,0.00,0.48,538207,1.0
591,Jean-Clair,Todibo,19,2,0,0,14,0.02,1,10,0,502,0,5,0.10,0.12,6.95,462116,1.8
592,Julián,Araujo Zúñiga,3,2,0,0,8,0.04,0,7,0,352,0,5,0.00,0.04,6.95,436893,1.0
593,Matthijs,de Ligt,14,2,0,3,35,0.03,3,11,1,759,0,8,1.12,1.15,14.66,209365,3.2
594,Noussair,Mazraoui,14,2,1,4,39,0.92,4,10,0,822,0,10,0.22,1.14,15.09,230001,3.5
595,Myles,Lewis-Skelly,1,3,0,0,1,0.00,0,2,0,15,0,0,0.00,0.00,0.80,499169,0.5
596,Lamare,Bogarde,2,2,0,0,2,0.08,0,3,0,168,0,2,0.00,0.08,1.30,515597,1.0
597,Will,Dennis,3,1,0,0,0,0.00,0,0,0,0,0,0,0.00,0.00,0.00,444172,0.0
598,Ryan,Trevitt,4,3,0,0,1,0.00,0,0,0,3,0,0,0.00,0.00,0.00,591357,1.0
599,Brajan,Gruda,5,3,0,0,4,0.03,0,2,0,59,0,0,0.00,0.03,1.23,513433,1.0
600,Yasin,Ayari,5,3,0,0,14,0.80,2,6,0,489,0,5,0.61,1.41,9.20,509416,1.6
601,Andrew,Moran,5,3,0,0,0,0.00,0,0,0,0,0,0,0.00,0.00,0.00,513834,0.0
602,Harrison,Armstrong,8,3,0,0,1,0.00,0,0,0,1,0,0,0.00,0.00,0.00,609873,1.0
603,Josh,King,9,3,0,0,0,0.00,0,0,0,0,0,0,0.00,0.00,0.00,577725,0.0
604,Martial,Godo,9,3,0,0,0,0.00,0,0,0,0,0,0,0.00,0.00,0.00,573062,0.0
605,Will,Alves,11,3,0,0,0,0.00,0,0,0,0,0,0,0.00,0.00,0.00,532534,0.0
606,Nico,O'Reilly,13,3,0,0,0,0.00,0,0,0,0,0,0,0.00,0.00,0.00,472769,0.0
607,João Pedro,Ferreira Silva,16,3,1,0,12,0.40,0,2,0,212,0,0,0.25,0.65,2.95,510500,1.2
608,Tyler,Dibling,17,3,0,3,21,0.62,1,14,1,566,0,6,0.95,1.57,13.94,496661,1.9
609,Will,Lankshear,18,4,0,0,0,0.00,0,0,0,0,0,0,0.00,0.00,0.00,552427,0.0
610,Mikey,Moore,18,3,0,0,5,0.03,0,1,0,82,0,1,0.04,0.07,0.94,499721,1.2
611,Sam,Szmodics,10,3,0,2,34,0.13,1,9,3,537,0,7,2.47,2.60,13.76,172453,3.1
612,Wilson,Odobert,18,3,0,0,6,0.08,1,1,0,160,0,2,0.42,0.50,1.63,550839,2.0
613,Toby,Collyer,14,3,0,0,1,0.01,0,1,0,45,0,0,0.00,0.01,1.03,490881,1.0
614,Carl,Rushworth,5,1,0,0,0,0.00,0,0,0,0,0,0,0.00,0.00,0.00,472739,0.0
615,Jenson,Metcalfe,8,3,0,0,0,0.00,0,0,0,0,0,0,0.00,0.00,0.00,491557,0.0
616,Ben,Nelson,11,2,0,0,0,0.00,0,0,0,0,0,0,0.00,0.00,0.00,501770,0.0
617,Francisco Evanilson,de Lima Barbosa,3,4,1,9,45,0.60,4,11,4,706,0,9,3.98,4.58,9.06,444102,4.5
618,Georginio,Rutter,5,3,3,1,40,0.94,3,11,2,603,0,8,1.95,2.89,14.23,463067,4.0
619,Jens,Cajuste,10,3,0,0,7,0.14,0,6,0,269,0,3,0.02,0.16,8.86,454667,1.4
620,Ramón,Sosa,16,3,0,0,12,0.20,0,1,1,93,0,0,0.79,0.99,0.59,502222,1.7
621,João,Félix Sequeira,6,3,0,0,9,0.11,0,0,1,118,0,0,0.47,0.58,1.18,428399,1.8
622,Sander,Berge,9,3,0,0,15,0.25,1,9,0,521,0,5,0.00,0.25,7.87,207189,1.7
623,Mateus Gonçalo,Espanha Fernandes,17,3,1,0,20,0.60,2,13,0,708,0,8,0.67,1.27,16.18,551226,2.0
624,Asmir,Begovic,8,1,0,0,0,0.00,0,0,0,0,0,0,0.00,0.00,0.00,40349,0.0
625,Ilkay,Gündogan,13,3,1,0,21,1.22,1,9,0,623,0,7,1.26,2.47,10.53,59859,2.1
626,Roman,Dixon,8,2,0,0,0,0.00,0,4,0,90,0,1,0.00,0.00,2.43,496178,0.0
627,Issa,Kaboré,13,2,0,0,0,0.00,0,0,0,0,0,0,0.00,0.00,0.00,476369,0.0
628,Ferdi,Kadioglu,5,2,0,0,19,0.31,2,8,1,385,0,5,0.44,0.75,9.44,231416,3.2
629,Matt,O'Riley,5,3,0,2,8,0.01,0,0,1,33,0,0,0.52,0.53,0.27,219249,8.0
630,Dara,O'Shea,10,2,0,1,14,0.05,1,15,0,692,0,8,0.58,0.63,17.41,216616,1.8
631,Jack,Clarke,10,3,1,0,14,0.37,0,10,0,353,0,3,0.55,0.92,8.94,443261,1.6
632,Chiedozie,Ogbene,10,3,0,0,7,0.05,0,3,0,237,0,3,0.00,0.05,2.36,229164,1.4
633,Mikel,Merino,1,3,0,1,13,0.31,0,5,1,278,0,3,1.02,1.33,3.50,195384,2.6
634,Gustavo,Nunes Fernandes Gomes,4,3,0,0,0,0.00,0,0,0,0,0,0,0.00,0.00,0.00,626464,0.0
635,Bilal,El Khannouss,11,3,0,0,8,0.35,0,6,0,197,0,2,0.08,0.43,4.75,513527,1.1
636,Federico,Chiesa,12,3,0,0,1,0.08,0,0,0,18,0,0,0.16,0.24,0.55,223541,1.0
637,Bastien,Meupiyou,20,2,0,0,0,0.00,0,0,0,0,0,0,0.00,0.00,0.00,560248,0.0
638,Salah-Eddine,Oulad M'hand,1,3,0,0,0,0.00,0,0,0,0,0,0,0.00,0.00,0.00,498046,0.0
639,Tommy,Setford,1,1,0,0,0,0.00,0,0,0,0,0,0,0.00,0.00,0.00,551221,0.0
640,Sil,Swinkels,2,2,0,0,0,0.00,0,0,0,0,0,0,0.00,0.00,0.00,514287,0.0
641,Oliwier,Zych,2,1,0,0,0,0.00,0,0,0,0,0,0,0.00,0.00,0.00,516159,0.0
642,Kaelan,Casey,19,2,0,0,0,0.00,0,0,0,0,0,0,0.00,0.00,0.00,518438,0.0
643,André,Trindade da Costa Neto,20,3,0,0,8,0.04,0,11,0,362,0,5,0.07,0.11,8.21,509291,1.1
644,Franco,Umeh-Chibueze,7,3,0,0,0,0.00,0,0,0,0,0,0,0.00,0.00,0.00,574398,0.0
645,Justin,Devenny,7,3,0,0,2,0.14,0,1,0,73,0,1,0.11,0.25,1.38,489706,2.0
646,Asher,Agbinone,7,3,0,0,2,0.01,0,0,0,4,0,0,0.02,0.03,0.00,579075,1.0
647,Kaden,Rodney,7,3,0,0,0,0.00,0,0,0,0,0,0,0.00,0.00,0.00,530318,0.0
648,Ethan,Wheatley,14,4,0,0,0,0.00,0,0,0,0,0,0,0.00,0.00,0.00,575034,0.0
649,Jayden,Meghoma,4,2,0,0,0,0.00,0,0,0,0,0,0,0.00,0.00,0.00,499717,0.0
650,Maxence,Lacroix,7,2,1,0,20,0.40,2,10,0,720,0,8,0.30,0.70,10.92,437499,2.5
651,Orel,Mangala,8,3,0,0,13,0.46,1,4,0,453,0,5,0.31,0.77,5.66,179519,1.6
652,Manuel,Ugarte,14,3,0,0,8,0.03,1,3,0,277,0,3,0.01,0.04,4.98,232112,1.3
653,Felipe,Rodrigues da Silva,16,2,0,0,5,0.00,0,0,0,65,0,0,0.00,0.00,1.47,485047,1.0
654,Carlos,Soler,19,3,0,0,5,0.11,0,2,0,263,0,1,0.23,0.34,4.60,224860,0.6
655,Carlos Roberto,Forbs Borges,20,3,0,0,4,0.09,0,7,0,181,0,1,0.11,0.20,4.93,463212,0.8
656,Kadan,Young,2,3,0,0,0,0.00,0,0,0,0,0,0,0.00,0.00,0.00,537403,0.0
657,Maldini,Kacurri,1,2,0,0,0,0.00,0,0,0,0,0,0,0.00,0.00,0.00,588793,0.0
658,Ayden,Heaven,1,2,0,0,0,0.00,0,0,0,0,0,0,0.00,0.00,0.00,606745,0.0
659,Ismeal,Kabia,1,3,0,0,0,0.00,0,0,0,0,0,0,0.00,0.00,0.00,588796,0.0
660,Tony,Yogane,4,3,0,0,0,0.00,0,0,0,0,0,0,0.00,0.00,0.00,592662,0.0
661,Vítezslav,Jaros,12,1,0,0,1,0.00,0,0,0,11,0,0,0.00,0.00,0.14,432987,1.0
662,Josh,Nichols,1,2,0,0,0,0.00,0,0,0,0,0,0,0.00,0.00,0.00,499167,0.0
663,Imari,Samuels,5,2,0,0,0,0.00,0,0,0,0,0,0,0.00,0.00,0.00,447720,0.0
664,Alfie,Pond,20,2,0,0,0,0.00,0,0,0,0,0,0,0.00,0.00,0.00,517179,0.0
665,Nathan,Butler-Oyedeji,1,4,0,0,0,0.00,0,0,0,0,0,0,0.00,0.00,0.00,461025,0.0
666,Caleb,Kporha,7,2,0,0,1,0.02,0,0,0,1,0,0,0.00,0.02,0.00,590012,1.0
667,Jack,Fletcher,14,3,0,0,0,0.00,0,0,0,0,0,0,0.00,0.00,0.00,547037,0.0
668,Killian,Cahill,5,1,0,0,0,0.00,0,0,0,0,0,0,0.00,0.00,0.00,565858,0.0
669,Harvey,Davies,12,1,0,0,0,0.00,0,0,0,0,0,0,0.00,0.00,0.00,464353,0.0
670,Harry,Amass,14,2,0,0,0,0.00,0,0,0,0,0,0,0.00,0.00,0.00,577974,0.0
671,Jacob,Wright,13,3,0,0,0,0.00,0,0,0,0,0,0,0.00,0.00,0.00,516250,0.0
672,Jahmai,Simpson-Pusey,13,2,0,0,0,0.01,0,2,0,90,0,1,0.00,0.01,2.29,554194,0.0
673,Jayce,Fitzgerald,14,3,0,0,0,0.00,0,0,0,0,0,0,0.00,0.00,0.00,556639,0.0
674,Paris,Maghoma,4,3,0,0,0,0.00,0,0,0,0,0,0,0.00,0.00,0.00,220695,0.0
675,Zach,Marsh,7,4,0,0,0,0.00,0,0,0,0,0,0,0.00,0.00,0.00,576980,0.0
676,Callum,Bates,8,3,0,0,0,0.00,0,0,0,0,0,0,0.00,0.00,0.00,547801,0.0
677,Josh,Wilson-Esbrand,13,2,0,0,0,0.00,0,0,0,0,0,0,0.00,0.00,0.00,447880,0.0
678,Ollie,Scarles,19,2,0,0,0,0.00,0,0,0,0,0,0,0.00,0.00,0.00,536109,0.0
